<?xml version="1.0" encoding="UTF-8"?>
<!DOCTYPE suite SYSTEM "https://testng.org/testng-1.0.dtd">
<suite thread-count="5" name="Suite" parallel="tests">
	
  <test  name="ChromeTest">
	  <parameter name="os" value="Windows"/>
	  <parameter name="br" value="Chrome"/>
    <classes>
      <class name="testCases.tc001_AccountRegistration"/>
    </classes>
  </test> <!-- Test -->
  <test  name="FirefoxTest">
	  <parameter name="os" value="Windows"/>
	  <parameter name="br" value="firefox"/>
    <classes>
      <class name="testCases.tc001_AccountRegistration"/>
    </classes>
  </test> <!-- Test -->
  
</suite> <!-- Suite -->
