<?xml version="1.0" encoding="UTF-8"?>
<!DOCTYPE suite SYSTEM "https://testng.org/testng-1.0.dtd">
<suite name="Master suite">
  <test  name="Test">
	 <!-- <parameter name="os" value="Windows"/>
	  <parameter name="br" value="firefox"/>-->
    <classes>
     <!-- <class name="testCases.tc001_AccountRegistration"/>-->
      <!-- <class name="testCases.tc_002_LoginTest"/>-->
        <class name="testCases.tc_003_LoginDDT"/>
    </classes>
  </test> <!-- Test -->
</suite> <!-- Suite -->
